[{"model": "stregsystem.member", "pk": 1, "fields": {"active": true, "username": "tester", "year": "2017", "firstname": "Test", "lastname": "Testsen", "gender": "U", "email": "plznospam@fklub.dk", "want_spam": true, "balance": 13357337, "undo_count": 0, "notes": "This is a test user."}}, {"model": "stregsystem.member", "pk": 2, "fields": {"active": true, "username": "mlarsen", "year": "2020", "firstname": "Martin", "lastname": "Larsen", "gender": "M", "email": "mlarsen@nsa.gov", "want_spam": true, "balance": 10000, "undo_count": 0, "notes": ""}}, {"model": "stregsystem.member", "pk": 3, "fields": {"active": true, "username": "tables", "year": "2020", "firstname": "Bobby", "lastname": "Tables", "gender": "M", "email": "tables@nsa.gov", "want_spam": true, "balance": 12500, "undo_count": 0, "notes": ""}}, {"model": "stregsystem.member", "pk": 4, "fields": {"active": true, "username": "marx", "year": "2020", "firstname": "Karl", "lastname": "Marx", "gender": "M", "email": "kmarx@nsa.gov", "want_spam": true, "balance": 6900, "undo_count": 0, "notes": ""}}, {"model": "stregsystem.member", "pk": 5, "fields": {"active": true, "username": "jdoe", "year": "2020", "firstname": "John", "lastname": "Doe", "gender": "M", "email": "jdoe@nsa.gov", "want_spam": true, "balance": 42000, "undo_count": 0, "notes": ""}}, {"model": "stregsystem.mobilepayment", "pk": 1, "fields": {"member": null, "payment": null, "customer_name": "Martin Larsen", "timestamp": "2019-11-29T12:51:08.857Z", "amount": 6969, "transaction_id": "156E027485173228", "comment": "mlarsen indbetalt ", "status": "U"}}, {"model": "stregsystem.mobilepayment", "pk": 2, "fields": {"member": null, "payment": null, "customer_name": "Bobby Tables", "timestamp": "2019-11-28T16:40:55.719Z", "amount": 50000, "transaction_id": "232E027452733666", "comment": "tables eksdee", "status": "U"}}, {"model": "stregsystem.mobilepayment", "pk": 3, "fields": {"member": 4, "payment": null, "customer_name": "Karl Marx", "timestamp": "2019-11-28T14:30:58.357Z", "amount": 20000, "transaction_id": "241E027449465355", "comment": "marx", "status": "U"}}, {"model": "stregsystem.mobilepayment", "pk": 4, "fields": {"member": null, "payment": null, "customer_name": "Bobby Tables", "timestamp": "2019-11-28T16:40:55.719Z", "amount": 50000, "transaction_id": "232E027452733676", "comment": "tables eksdee", "status": "U"}}, {"model": "stregsystem.mobilepayment", "pk": 5, "fields": {"member": 5, "payment": null, "customer_name": "John Doe", "timestamp": "2019-11-27T11:15:38.529Z", "amount": 15000, "transaction_id": "016E027417049990", "comment": "jdoe", "status": "U"}}, {"model": "stregsystem.mobilepayment", "pk": 6, "fields": {"member": 1, "payment": null, "customer_name": "Tester Testsen", "timestamp": "2019-11-26T11:54:37.521Z", "amount": 20000, "transaction_id": "207E027395896809", "comment": "tester", "status": "U"}}, {"model": "stregsystem.category", "pk": 12, "fields": {"name": "beer"}}, {"model": "stregsystem.category", "pk": 13, "fields": {"name": "soda"}}, {"model": "stregsystem.category", "pk": 14, "fields": {"name": "energy"}}, {"model": "stregsystem.room", "pk": 1, "fields": {"name": "testrummet", "description": "127.0.0.1"}}, {"model": "stregsystem.room", "pk": 2, "fields": {"name": "maymayrummet", "description": "svedigt"}}, {"model": "stregsystem.product", "pk": 1, "fields": {"name": "Test \u00d8L", "price": 100, "active": true, "start_date": null, "quantity": 0, "deactivate_date": null, "alcohol_content_ml": 0.0, "caffeine_content_mg": 0, "categories": [12], "rooms": []}}, {"model": "stregsystem.product", "pk": 2, "fields": {"name": "Kold Kaffe", "price": 200, "active": true, "start_date": null, "quantity": 0, "deactivate_date": null, "alcohol_content_ml": 0.0, "caffeine_content_mg": 0, "categories": [14], "rooms": []}}, {"model": "stregsystem.product", "pk": 3, "fields": {"name": "Fad\u00f8l", "price": 1500, "active": true, "start_date": null, "quantity": 0, "deactivate_date": null, "alcohol_content_ml": 0.0, "caffeine_content_mg": 0, "categories": [12], "rooms": [1]}}, {"model": "stregsystem.product", "pk": 13, "fields": {"name": "Sportscola", "price": 300, "active": true, "start_date": null, "quantity": 0, "deactivate_date": null, "alcohol_content_ml": 0.0, "caffeine_content_mg": 0, "categories": [13], "rooms": []}}, {"model": "stregsystem.oldprice", "pk": 1, "fields": {"product": 1, "price": 100, "changed_on": "2017-03-13T12:43:28.044Z"}}, {"model": "stregsystem.oldprice", "pk": 2, "fields": {"product": 2, "price": 200, "changed_on": "2017-03-13T12:43:40.784Z"}}, {"model": "stregsystem.oldprice", "pk": 3, "fields": {"product": 2, "price": 200, "changed_on": "2017-03-13T12:43:42.151Z"}}, {"model": "stregsystem.oldprice", "pk": 11, "fields": {"product": 13, "price": 300, "changed_on": "2023-09-06T06:59:00.505Z"}}, {"model": "stregsystem.oldprice", "pk": 12, "fields": {"product": 1, "price": 100, "changed_on": "2023-09-06T06:59:12.033Z"}}, {"model": "stregsystem.oldprice", "pk": 13, "fields": {"product": 2, "price": 200, "changed_on": "2023-09-06T06:59:28.392Z"}}, {"model": "stregsystem.oldprice", "pk": 14, "fields": {"product": 3, "price": 1500, "changed_on": "2023-09-06T06:59:50.330Z"}}, {"model": "stregsystem.sale", "pk": 1, "fields": {"member": 1, "product": 1, "room": 1, "timestamp": "2017-03-13T12:52:52.142Z", "price": 100}}, {"model": "stregsystem.sale", "pk": 2, "fields": {"member": 1, "product": 2, "room": 1, "timestamp": "2017-03-13T12:54:12.423Z", "price": 200}}, {"model": "stregsystem.sale", "pk": 3, "fields": {"member": 1, "product": 13, "room": 1, "timestamp": "2017-03-13T13:38:10.573Z", "price": 300}}, {"model": "stregsystem.sale", "pk": 8, "fields": {"member": 1, "product": 1, "room": 1, "timestamp": "2023-07-03T06:31:38.412Z", "price": 100}}, {"model": "stregsystem.sale", "pk": 9, "fields": {"member": 1, "product": 1, "room": 1, "timestamp": "2023-07-03T06:31:58.628Z", "price": 100}}, {"model": "stregsystem.sale", "pk": 10, "fields": {"member": 1, "product": 1, "room": 1, "timestamp": "2023-07-05T06:32:17.029Z", "price": 100}}, {"model": "stregsystem.sale", "pk": 11, "fields": {"member": 1, "product": 2, "room": 1, "timestamp": "2023-07-05T06:32:24.962Z", "price": 200}}, {"model": "stregsystem.sale", "pk": 12, "fields": {"member": 1, "product": 2, "room": 1, "timestamp": "2023-07-08T06:32:33.665Z", "price": 200}}, {"model": "stregsystem.sale", "pk": 13, "fields": {"member": 1, "product": 2, "room": 1, "timestamp": "2023-07-08T06:32:39.906Z", "price": 200}}, {"model": "stregsystem.sale", "pk": 14, "fields": {"member": 1, "product": 2, "room": 1, "timestamp": "2023-07-11T06:32:50.954Z", "price": 200}}, {"model": "stregsystem.sale", "pk": 15, "fields": {"member": 1, "product": 1, "room": 1, "timestamp": "2023-07-11T06:32:55.453Z", "price": 100}}, {"model": "stregsystem.sale", "pk": 16, "fields": {"member": 1, "product": 1, "room": 1, "timestamp": "2023-07-15T06:33:08.914Z", "price": 100}}, {"model": "stregsystem.sale", "pk": 17, "fields": {"member": 1, "product": 13, "room": 1, "timestamp": "2023-07-15T06:33:14.566Z", "price": 300}}, {"model": "stregsystem.sale", "pk": 18, "fields": {"member": 1, "product": 13, "room": 1, "timestamp": "2023-07-18T06:33:30.689Z", "price": 300}}, {"model": "stregsystem.sale", "pk": 19, "fields": {"member": 1, "product": 13, "room": 1, "timestamp": "2023-07-18T06:33:32.977Z", "price": 300}}, {"model": "stregsystem.sale", "pk": 20, "fields": {"member": 1, "product": 13, "room": 1, "timestamp": "2023-07-18T06:33:35.945Z", "price": 300}}, {"model": "stregsystem.sale", "pk": 21, "fields": {"member": 1, "product": 13, "room": 1, "timestamp": "2023-07-22T06:33:43.515Z", "price": 300}}, {"model": "stregsystem.sale", "pk": 22, "fields": {"member": 1, "product": 2, "room": 1, "timestamp": "2023-07-22T06:33:46.335Z", "price": 200}}, {"model": "stregsystem.sale", "pk": 23, "fields": {"member": 1, "product": 2, "room": 1, "timestamp": "2023-07-25T06:33:55.529Z", "price": 200}}, {"model": "stregsystem.sale", "pk": 24, "fields": {"member": 1, "product": 1, "room": 1, "timestamp": "2023-07-25T06:33:58.663Z", "price": 100}}, {"model": "stregsystem.sale", "pk": 25, "fields": {"member": 1, "product": 3, "room": 1, "timestamp": "2023-07-30T06:34:35.145Z", "price": 1500}}, {"model": "stregsystem.sale", "pk": 26, "fields": {"member": 1, "product": 3, "room": 1, "timestamp": "2023-07-30T06:34:38.892Z", "price": 1500}}, {"model": "stregsystem.sale", "pk": 27, "fields": {"member": 1, "product": 2, "room": 1, "timestamp": "2023-08-03T06:34:48.584Z", "price": 200}}, {"model": "stregsystem.sale", "pk": 28, "fields": {"member": 1, "product": 2, "room": 1, "timestamp": "2023-08-03T06:34:51.434Z", "price": 200}}, {"model": "stregsystem.sale", "pk": 29, "fields": {"member": 1, "product": 2, "room": 1, "timestamp": "2023-08-06T06:37:45.688Z", "price": 200}}, {"model": "stregsystem.sale", "pk": 30, "fields": {"member": 1, "product": 1, "room": 1, "timestamp": "2023-08-06T06:37:47.321Z", "price": 100}}, {"model": "stregsystem.sale", "pk": 31, "fields": {"member": 1, "product": 1, "room": 1, "timestamp": "2023-08-09T06:37:53.897Z", "price": 100}}, {"model": "stregsystem.sale", "pk": 32, "fields": {"member": 1, "product": 1, "room": 1, "timestamp": "2023-08-11T06:46:22.735Z", "price": 100}}, {"model": "stregsystem.sale", "pk": 33, "fields": {"member": 1, "product": 1, "room": 1, "timestamp": "2023-08-13T06:46:35.149Z", "price": 100}}, {"model": "stregsystem.sale", "pk": 34, "fields": {"member": 1, "product": 1, "room": 1, "timestamp": "2023-08-16T06:46:42.036Z", "price": 100}}, {"model": "stregsystem.sale", "pk": 35, "fields": {"member": 1, "product": 1, "room": 1, "timestamp": "2023-08-19T06:47:40.094Z", "price": 100}}, {"model": "stregsystem.sale", "pk": 36, "fields": {"member": 1, "product": 1, "room": 1, "timestamp": "2023-08-19T06:47:44.657Z", "price": 100}}, {"model": "stregsystem.sale", "pk": 37, "fields": {"member": 1, "product": 1, "room": 1, "timestamp": "2023-08-21T06:48:15.721Z", "price": 100}}, {"model": "stregsystem.sale", "pk": 38, "fields": {"member": 1, "product": 1, "room": 1, "timestamp": "2023-08-24T06:49:42.682Z", "price": 100}}, {"model": "stregsystem.sale", "pk": 39, "fields": {"member": 1, "product": 1, "room": 1, "timestamp": "2023-08-26T06:49:49.263Z", "price": 100}}, {"model": "stregsystem.sale", "pk": 40, "fields": {"member": 1, "product": 1, "room": 1, "timestamp": "2023-08-26T06:49:51.322Z", "price": 100}}, {"model": "stregsystem.sale", "pk": 41, "fields": {"member": 1, "product": 1, "room": 1, "timestamp": "2023-08-26T06:49:53.011Z", "price": 100}}, {"model": "stregsystem.sale", "pk": 42, "fields": {"member": 1, "product": 1, "room": 1, "timestamp": "2023-08-29T06:50:02.353Z", "price": 100}}, {"model": "stregsystem.sale", "pk": 43, "fields": {"member": 1, "product": 1, "room": 1, "timestamp": "2023-08-31T06:50:08.571Z", "price": 100}}, {"model": "stregsystem.sale", "pk": 44, "fields": {"member": 1, "product": 1, "room": 1, "timestamp": "2023-09-02T06:50:25.448Z", "price": 100}}, {"model": "stregsystem.sale", "pk": 45, "fields": {"member": 1, "product": 1, "room": 1, "timestamp": "2023-09-04T06:50:34.380Z", "price": 100}}, {"model": "stregsystem.sale", "pk": 46, "fields": {"member": 1, "product": 1, "room": 1, "timestamp": "2023-09-04T06:50:36.176Z", "price": 100}}, {"model": "stregsystem.sale", "pk": 47, "fields": {"member": 1, "product": 1, "room": 1, "timestamp": "2023-09-04T06:50:37.993Z", "price": 100}}, {"model": "stregsystem.news", "pk": 1, "fields": {"title": "Varm kaffe udg\u00e5r", "text": "Det er med stor forn\u00f8jelse, at vi annoncerer sortimentsudskiftningen af \"varm kaffe\" med vores nye og forbedrede produkt, \"kold kaffe\". Dette valg er truffet efter at have modtaget flere klager fra \u00e6rede fembers, der desv\u00e6rre har oplevet at br\u00e6nde sig p\u00e5 javaen.", "pub_date": "2023-08-07T21:46:04Z", "stop_date": "2043-08-07T11:00:00Z"}}, {"model": "contenttypes.contenttype", "pk": 39, "fields": {"app_label": "stregsystem", "model": "member"}}, {"model": "contenttypes.contenttype", "pk": 40, "fields": {"app_label": "stregsystem", "model": "payment"}}, {"model": "contenttypes.contenttype", "pk": 41, "fields": {"app_label": "stregsystem", "model": "mobilepayment"}}, {"model": "contenttypes.contenttype", "pk": 42, "fields": {"app_label": "stregsystem", "model": "category"}}, {"model": "contenttypes.contenttype", "pk": 43, "fields": {"app_label": "stregsystem", "model": "room"}}, {"model": "contenttypes.contenttype", "pk": 44, "fields": {"app_label": "stregsystem", "model": "product"}}, {"model": "contenttypes.contenttype", "pk": 45, "fields": {"app_label": "stregsystem", "model": "namedproduct"}}, {"model": "contenttypes.contenttype", "pk": 46, "fields": {"app_label": "stregsystem", "model": "oldprice"}}, {"model": "contenttypes.contenttype", "pk": 47, "fields": {"app_label": "stregsystem", "model": "sale"}}, {"model": "contenttypes.contenttype", "pk": 48, "fields": {"app_label": "stregsystem", "model": "news"}}, {"model": "contenttypes.contenttype", "pk": 49, "fields": {"app_label": "stregreport", "model": "breadrazzia"}}, {"model": "contenttypes.contenttype", "pk": 50, "fields": {"app_label": "stregreport", "model": "razziaentry"}}, {"model": "contenttypes.contenttype", "pk": 51, "fields": {"app_label": "kiosk", "model": "kioskitem"}}, {"model": "contenttypes.contenttype", "pk": 52, "fields": {"app_label": "admin", "model": "logentry"}}, {"model": "contenttypes.contenttype", "pk": 53, "fields": {"app_label": "auth", "model": "permission"}}, {"model": "contenttypes.contenttype", "pk": 54, "fields": {"app_label": "auth", "model": "group"}}, {"model": "contenttypes.contenttype", "pk": 55, "fields": {"app_label": "auth", "model": "user"}}, {"model": "contenttypes.contenttype", "pk": 56, "fields": {"app_label": "contenttypes", "model": "contenttype"}}, {"model": "contenttypes.contenttype", "pk": 57, "fields": {"app_label": "sessions", "model": "session"}}, {"model": "sessions.session", "pk": "et7wpr3rx6lsf4x9swuf4qd8ehn7r7l4", "fields": {"session_data": "NDllNWNlMTg2ZjQ3YjhhMjc3NThkZGIyYjJhODc0NWMxODdkNTFkNDp7Il9hdXRoX3VzZXJfaWQiOiIxIiwiX2F1dGhfdXNlcl9iYWNrZW5kIjoiZGphbmdvLmNvbnRyaWIuYXV0aC5iYWNrZW5kcy5Nb2RlbEJhY2tlbmQiLCJfYXV0aF91c2VyX2hhc2giOiI0OTZlYWE5OWRhY2JmYWViNzYwZDFjMmQ4YzBhZmI5NTg0ZDRhNGQ2In0=", "expire_date": "2023-09-20T06:56:51.561Z"}}, {"model": "auth.permission", "pk": 161, "fields": {"name": "Can add member", "content_type": 39, "codename": "add_member"}}, {"model": "auth.permission", "pk": 162, "fields": {"name": "Can change member", "content_type": 39, "codename": "change_member"}}, {"model": "auth.permission", "pk": 163, "fields": {"name": "Can delete member", "content_type": 39, "codename": "delete_member"}}, {"model": "auth.permission", "pk": 164, "fields": {"name": "Can view member", "content_type": 39, "codename": "view_member"}}, {"model": "auth.permission", "pk": 165, "fields": {"name": "Can add payment", "content_type": 40, "codename": "add_payment"}}, {"model": "auth.permission", "pk": 166, "fields": {"name": "Can change payment", "content_type": 40, "codename": "change_payment"}}, {"model": "auth.permission", "pk": 167, "fields": {"name": "Can delete payment", "content_type": 40, "codename": "delete_payment"}}, {"model": "auth.permission", "pk": 168, "fields": {"name": "Can view payment", "content_type": 40, "codename": "view_payment"}}, {"model": "auth.permission", "pk": 169, "fields": {"name": "Import batch payments", "content_type": 40, "codename": "import_batch_payments"}}, {"model": "auth.permission", "pk": 170, "fields": {"name": "Can add mobile payment", "content_type": 41, "codename": "add_mobilepayment"}}, {"model": "auth.permission", "pk": 171, "fields": {"name": "Can change mobile payment", "content_type": 41, "codename": "change_mobilepayment"}}, {"model": "auth.permission", "pk": 172, "fields": {"name": "Can delete mobile payment", "content_type": 41, "codename": "delete_mobilepayment"}}, {"model": "auth.permission", "pk": 173, "fields": {"name": "Can view mobile payment", "content_type": 41, "codename": "view_mobilepayment"}}, {"model": "auth.permission", "pk": 174, "fields": {"name": "MobilePaytool access", "content_type": 41, "codename": "mobilepaytool_access"}}, {"model": "auth.permission", "pk": 175, "fields": {"name": "Can add category", "content_type": 42, "codename": "add_category"}}, {"model": "auth.permission", "pk": 176, "fields": {"name": "Can change category", "content_type": 42, "codename": "change_category"}}, {"model": "auth.permission", "pk": 177, "fields": {"name": "Can delete category", "content_type": 42, "codename": "delete_category"}}, {"model": "auth.permission", "pk": 178, "fields": {"name": "Can view category", "content_type": 42, "codename": "view_category"}}, {"model": "auth.permission", "pk": 179, "fields": {"name": "Can add room", "content_type": 43, "codename": "add_room"}}, {"model": "auth.permission", "pk": 180, "fields": {"name": "Can change room", "content_type": 43, "codename": "change_room"}}, {"model": "auth.permission", "pk": 181, "fields": {"name": "Can delete room", "content_type": 43, "codename": "delete_room"}}, {"model": "auth.permission", "pk": 182, "fields": {"name": "Can view room", "content_type": 43, "codename": "view_room"}}, {"model": "auth.permission", "pk": 183, "fields": {"name": "Can add product", "content_type": 44, "codename": "add_product"}}, {"model": "auth.permission", "pk": 184, "fields": {"name": "Can change product", "content_type": 44, "codename": "change_product"}}, {"model": "auth.permission", "pk": 185, "fields": {"name": "Can delete product", "content_type": 44, "codename": "delete_product"}}, {"model": "auth.permission", "pk": 186, "fields": {"name": "Can view product", "content_type": 44, "codename": "view_product"}}, {"model": "auth.permission", "pk": 187, "fields": {"name": "Can add named product", "content_type": 45, "codename": "add_namedproduct"}}, {"model": "auth.permission", "pk": 188, "fields": {"name": "Can change named product", "content_type": 45, "codename": "change_namedproduct"}}, {"model": "auth.permission", "pk": 189, "fields": {"name": "Can delete named product", "content_type": 45, "codename": "delete_namedproduct"}}, {"model": "auth.permission", "pk": 190, "fields": {"name": "Can view named product", "content_type": 45, "codename": "view_namedproduct"}}, {"model": "auth.permission", "pk": 191, "fields": {"name": "Can add old price", "content_type": 46, "codename": "add_oldprice"}}, {"model": "auth.permission", "pk": 192, "fields": {"name": "Can change old price", "content_type": 46, "codename": "change_oldprice"}}, {"model": "auth.permission", "pk": 193, "fields": {"name": "Can delete old price", "content_type": 46, "codename": "delete_oldprice"}}, {"model": "auth.permission", "pk": 194, "fields": {"name": "Can view old price", "content_type": 46, "codename": "view_oldprice"}}, {"model": "auth.permission", "pk": 195, "fields": {"name": "Can add sale", "content_type": 47, "codename": "add_sale"}}, {"model": "auth.permission", "pk": 196, "fields": {"name": "Can change sale", "content_type": 47, "codename": "change_sale"}}, {"model": "auth.permission", "pk": 197, "fields": {"name": "Can delete sale", "content_type": 47, "codename": "delete_sale"}}, {"model": "auth.permission", "pk": 198, "fields": {"name": "Can view sale", "content_type": 47, "codename": "view_sale"}}, {"model": "auth.permission", "pk": 199, "fields": {"name": "Can access sales reports", "content_type": 47, "codename": "access_sales_reports"}}, {"model": "auth.permission", "pk": 200, "fields": {"name": "Can add news", "content_type": 48, "codename": "add_news"}}, {"model": "auth.permission", "pk": 201, "fields": {"name": "Can change news", "content_type": 48, "codename": "change_news"}}, {"model": "auth.permission", "pk": 202, "fields": {"name": "Can delete news", "content_type": 48, "codename": "delete_news"}}, {"model": "auth.permission", "pk": 203, "fields": {"name": "Can view news", "content_type": 48, "codename": "view_news"}}, {"model": "auth.permission", "pk": 204, "fields": {"name": "Can add bread razzia", "content_type": 49, "codename": "add_breadrazzia"}}, {"model": "auth.permission", "pk": 205, "fields": {"name": "Can change bread razzia", "content_type": 49, "codename": "change_breadrazzia"}}, {"model": "auth.permission", "pk": 206, "fields": {"name": "Can delete bread razzia", "content_type": 49, "codename": "delete_breadrazzia"}}, {"model": "auth.permission", "pk": 207, "fields": {"name": "Can view bread razzia", "content_type": 49, "codename": "view_breadrazzia"}}, {"model": "auth.permission", "pk": 208, "fields": {"name": "Can host a foobar or bread razzia", "content_type": 49, "codename": "host_razzia"}}, {"model": "auth.permission", "pk": 209, "fields": {"name": "Can add razzia entry", "content_type": 50, "codename": "add_razziaentry"}}, {"model": "auth.permission", "pk": 210, "fields": {"name": "Can change razzia entry", "content_type": 50, "codename": "change_razziaentry"}}, {"model": "auth.permission", "pk": 211, "fields": {"name": "Can delete razzia entry", "content_type": 50, "codename": "delete_razziaentry"}}, {"model": "auth.permission", "pk": 212, "fields": {"name": "Can view razzia entry", "content_type": 50, "codename": "view_razziaentry"}}, {"model": "auth.permission", "pk": 213, "fields": {"name": "Can add kiosk item", "content_type": 51, "codename": "add_kioskitem"}}, {"model": "auth.permission", "pk": 214, "fields": {"name": "Can change kiosk item", "content_type": 51, "codename": "change_kioskitem"}}, {"model": "auth.permission", "pk": 215, "fields": {"name": "Can delete kiosk item", "content_type": 51, "codename": "delete_kioskitem"}}, {"model": "auth.permission", "pk": 216, "fields": {"name": "Can view kiosk item", "content_type": 51, "codename": "view_kioskitem"}}, {"model": "auth.permission", "pk": 217, "fields": {"name": "Can add log entry", "content_type": 52, "codename": "add_logentry"}}, {"model": "auth.permission", "pk": 218, "fields": {"name": "Can change log entry", "content_type": 52, "codename": "change_logentry"}}, {"model": "auth.permission", "pk": 219, "fields": {"name": "Can delete log entry", "content_type": 52, "codename": "delete_logentry"}}, {"model": "auth.permission", "pk": 220, "fields": {"name": "Can view log entry", "content_type": 52, "codename": "view_logentry"}}, {"model": "auth.permission", "pk": 221, "fields": {"name": "Can add permission", "content_type": 53, "codename": "add_permission"}}, {"model": "auth.permission", "pk": 222, "fields": {"name": "Can change permission", "content_type": 53, "codename": "change_permission"}}, {"model": "auth.permission", "pk": 223, "fields": {"name": "Can delete permission", "content_type": 53, "codename": "delete_permission"}}, {"model": "auth.permission", "pk": 224, "fields": {"name": "Can view permission", "content_type": 53, "codename": "view_permission"}}, {"model": "auth.permission", "pk": 225, "fields": {"name": "Can add group", "content_type": 54, "codename": "add_group"}}, {"model": "auth.permission", "pk": 226, "fields": {"name": "Can change group", "content_type": 54, "codename": "change_group"}}, {"model": "auth.permission", "pk": 227, "fields": {"name": "Can delete group", "content_type": 54, "codename": "delete_group"}}, {"model": "auth.permission", "pk": 228, "fields": {"name": "Can view group", "content_type": 54, "codename": "view_group"}}, {"model": "auth.permission", "pk": 229, "fields": {"name": "Can add user", "content_type": 55, "codename": "add_user"}}, {"model": "auth.permission", "pk": 230, "fields": {"name": "Can change user", "content_type": 55, "codename": "change_user"}}, {"model": "auth.permission", "pk": 231, "fields": {"name": "Can delete user", "content_type": 55, "codename": "delete_user"}}, {"model": "auth.permission", "pk": 232, "fields": {"name": "Can view user", "content_type": 55, "codename": "view_user"}}, {"model": "auth.permission", "pk": 233, "fields": {"name": "Can add content type", "content_type": 56, "codename": "add_contenttype"}}, {"model": "auth.permission", "pk": 234, "fields": {"name": "Can change content type", "content_type": 56, "codename": "change_contenttype"}}, {"model": "auth.permission", "pk": 235, "fields": {"name": "Can delete content type", "content_type": 56, "codename": "delete_contenttype"}}, {"model": "auth.permission", "pk": 236, "fields": {"name": "Can view content type", "content_type": 56, "codename": "view_contenttype"}}, {"model": "auth.permission", "pk": 237, "fields": {"name": "Can add session", "content_type": 57, "codename": "add_session"}}, {"model": "auth.permission", "pk": 238, "fields": {"name": "Can change session", "content_type": 57, "codename": "change_session"}}, {"model": "auth.permission", "pk": 239, "fields": {"name": "Can delete session", "content_type": 57, "codename": "delete_session"}}, {"model": "auth.permission", "pk": 240, "fields": {"name": "Can view session", "content_type": 57, "codename": "view_session"}}, {"model": "auth.user", "pk": 1, "fields": {"password": "pbkdf2_sha256$150000$fUAN4hBdKvOp$+1qkLByq1ae/ybzfplIUZnLQvQzHh2NrYLHvzg028Hc=", "last_login": "2023-09-06T06:56:51.478Z", "is_superuser": true, "username": "tester", "first_name": "test", "last_name": "testsen", "email": "", "is_staff": true, "is_active": true, "date_joined": "2017-03-06T10:53:54Z", "groups": [], "user_permissions": []}}, {"model": "auth.user", "pk": 2, "fields": {"password": "pbkdf2_sha256$150000$iTYq6tgl0wkZ$sayKG1202U4C7vm6zdtogsSP+OxVoQZtoxtO1cXFWdg=", "last_login": null, "is_superuser": true, "username": "autopayment", "first_name": "auto", "last_name": "payment", "email": "", "is_staff": true, "is_active": true, "date_joined": "2021-09-13T13:43:22Z", "groups": [], "user_permissions": []}}, {"model": "admin.logentry", "pk": 22, "fields": {"action_time": "2023-09-06T06:57:13.120Z", "user": 1, "content_type": 42, "object_id": "12", "object_repr": "beer", "action_flag": 1, "change_message": "[{\"added\": {}}]"}}, {"model": "admin.logentry", "pk": 23, "fields": {"action_time": "2023-09-06T06:57:19.110Z", "user": 1, "content_type": 42, "object_id": "13", "object_repr": "soda", "action_flag": 1, "change_message": "[{\"added\": {}}]"}}, {"model": "admin.logentry", "pk": 24, "fields": {"action_time": "2023-09-06T06:57:26.413Z", "user": 1, "content_type": 42, "object_id": "14", "object_repr": "energy", "action_flag": 1, "change_message": "[{\"added\": {}}]"}}, {"model": "admin.logentry", "pk": 25, "fields": {"action_time": "2023-09-06T06:59:00.864Z", "user": 1, "content_type": 44, "object_id": "13", "object_repr": "+ Sportscola (3.00)", "action_flag": 2, "change_message": "[{\"changed\": {\"fields\": [\"name\", \"categories\"]}}]"}}, {"model": "admin.logentry", "pk": 26, "fields": {"action_time": "2023-09-06T06:59:12.297Z", "user": 1, "content_type": 44, "object_id": "1", "object_repr": "+ Test \u00d8L (1.00)", "action_flag": 2, "change_message": "[{\"changed\": {\"fields\": [\"categories\"]}}]"}}, {"model": "admin.logentry", "pk": 27, "fields": {"action_time": "2023-09-06T06:59:28.472Z", "user": 1, "content_type": 44, "object_id": "2", "object_repr": "+ Kold Kaffe (2.00)", "action_flag": 2, "change_message": "[{\"changed\": {\"fields\": [\"categories\"]}}]"}}, {"model": "admin.logentry", "pk": 28, "fields": {"action_time": "2023-09-06T06:59:50.422Z", "user": 1, "content_type": 44, "object_id": "3", "object_repr": "+ Fad\u00f8l (15.00)", "action_flag": 2, "change_message": "[{\"changed\": {\"fields\": [\"categories\"]}}]"}}]